source;target;label
FIS-14;FIS-26;autores
FIS-14;EST-10;autores
FIS-26;FIS-14;requisito
FIS-26;FIS-14;autores
FIS-32;FIS-14;requisito
FIS-46;FIS-26;requisito
FIS-55;MAT-36;requisito
HUM-20;HUM-21;autores
HUM-20;HUM-21;autores
HUM-20;HUM-21;autores
HUM-20;HUM-21;autores
HUM-20;HUM-21;autores
HUM-21;HUM-20;autores
HUM-21;HUM-20;autores
HUM-21;HUM-20;autores
HUM-21;HUM-20;autores
HUM-21;HUM-20;autores
HUM-32;HUM-01;requisito
HUM-58;HUM-74;autores
HUM-70;CES-46;autores
HUM-73;HUM-61;requisito
HUM-74;HUM-58;autores
MAT-12;MAT-17;autores
MAT-12;MAT-22;autores
MAT-12;MAT-22;autores
MAT-12;MAT-36;autores
MAT-17;MAT-12;autores
MAT-22;MAT-12;requisito
MAT-22;MAT-12;autores
MAT-22;MAT-12;autores
MAT-27;MAT-17;requisito
MAT-32;MAT-27;requisito
MAT-36;MAT-22;requisito
MAT-36;MAT-12;autores
MAT-42;MAT-32;requisito
MAT-46;MAT-36;requisito
MAT-51;MAT-32;requisito
QUI-18;QUI-28;autores
QUI-18;QUI-28;autores
QUI-28;QUI-18;requisito
QUI-28;QUI-18;autores
QUI-28;QUI-18;autores
AED-01;AED-11;autores
AED-01;AED-25;autores
AED-01;AED-25;autores
AED-01;AED-27;autores
AED-01;MVO-31;autores
AED-01;PRJ-57;autores
AED-11;AED-01;requisito
AED-11;AED-01;autores
AED-11;AED-25;autores
AED-11;AED-25;autores
AED-11;AED-27;autores
AED-11;AED-27;autores
AED-11;AED-27;autores
AED-11;MVO-31;autores
AED-11;PRJ-57;autores
AED-25;AED-11;requisito
AED-25;AED-01;autores
AED-25;AED-01;autores
AED-25;AED-11;autores
AED-25;AED-11;autores
AED-25;AED-27;autores
AED-25;AED-27;autores
AED-25;MVO-31;autores
AED-25;MVO-31;autores
AED-25;PRJ-57;autores
AED-25;PRJ-57;autores
AED-27;AED-11;requisito
AED-27;AED-01;autores
AED-27;AED-11;autores
AED-27;AED-11;autores
AED-27;AED-11;autores
AED-27;AED-25;autores
AED-27;AED-25;autores
AED-27;MVO-31;autores
AED-27;PRJ-57;autores
AED-34;AED-37;autores
AED-34;PRJ-22;autores
AED-34;PRJ-22;autores
AED-34;PRJ-23;autores
AED-34;PRJ-29;autores
AED-34;PRJ-30;autores
AED-34;PRJ-44;autores
AED-34;PRJ-55;autores
AED-37;AED-11;requisito
AED-37;AED-34;autores
AED-37;PRJ-22;autores
AED-37;PRJ-23;autores
AED-37;PRJ-23;autores
AED-37;PRJ-29;autores
AED-37;PRJ-29;autores
AED-37;PRJ-30;autores
AED-37;PRJ-30;autores
AED-37;PRJ-44;autores
AED-37;PRJ-55;autores
MVO-20;MPS-43;autores
MVO-31;AED-11;requisito
MVO-31;AED-01;autores
MVO-31;AED-11;autores
MVO-31;AED-25;autores
MVO-31;AED-25;autores
MVO-31;AED-27;autores
MVO-31;PRJ-57;autores
MVO-32;MVO-20;requisito
MVO-41;MVO-52;autores
MVO-41;MVO-53;autores
MVO-50;PRP-38;requisito
MVO-50;MVO-66;autores
MVO-50;MVO-66;autores
MVO-52;MVO-20;requisito
MVO-52;MVO-41;autores
MVO-52;MVO-53;autores
MVO-52;MVO-53;autores
MVO-52;MVO-53;autores
MVO-53;MVO-52;requisito
MVO-53;MVO-41;autores
MVO-53;MVO-52;autores
MVO-53;MVO-52;autores
MVO-53;MVO-52;autores
MVO-66;MVO-50;autores
MVO-66;MVO-50;autores
PRP-11;AED-02;requisito
PRP-11;PRP-38;autores
PRP-11;PRP-39;autores
PRP-11;PRP-47;autores
PRP-11;PRJ-32;autores
PRP-11;MMT-07;autores
PRP-11;MMT-07;autores
PRP-28;MEB-01;requisito
PRP-28;PRP-38;autores
PRP-28;PRP-38;autores
PRP-28;PRP-40;autores
PRP-28;PRP-40;autores
PRP-28;PRP-54;autores
PRP-28;PRP-54;autores
PRP-38;AED-01;requisito
PRP-38;PRP-11;autores
PRP-38;PRP-28;autores
PRP-38;PRP-28;autores
PRP-38;PRP-39;autores
PRP-38;PRP-39;autores
PRP-38;PRP-40;autores
PRP-38;PRP-40;autores
PRP-38;PRP-40;autores
PRP-38;PRP-41;autores
PRP-38;PRP-47;autores
PRP-38;PRP-47;autores
PRP-38;PRP-54;autores
PRP-38;PRP-54;autores
PRP-38;PRP-54;autores
PRP-38;PRJ-32;autores
PRP-38;PRJ-73;autores
PRP-38;PRJ-75;autores
PRP-39;PRP-28;requisito
PRP-39;AED-01;requisito
PRP-39;PRP-38;requisito
PRP-39;PRP-11;autores
PRP-39;PRP-38;autores
PRP-39;PRP-38;autores
PRP-39;PRP-47;autores
PRP-39;PRP-47;autores
PRP-39;PRJ-32;autores
PRP-39;PRJ-73;autores
PRP-39;PRJ-75;autores
PRP-40;PRP-28;requisito
PRP-40;PRP-28;autores
PRP-40;PRP-28;autores
PRP-40;PRP-38;autores
PRP-40;PRP-38;autores
PRP-40;PRP-38;autores
PRP-40;PRP-41;autores
PRP-40;PRP-54;autores
PRP-40;PRP-54;autores
PRP-40;PRP-54;autores
PRP-40;PRP-54;autores
PRP-40;PRP-54;autores
PRP-40;PRP-54;autores
PRP-40;PRP-54;autores
PRP-41;PRP-28;requisito
PRP-41;AED-01;requisito
PRP-41;PRP-38;requisito
PRP-41;PRP-38;autores
PRP-41;PRP-40;autores
PRP-41;PRP-54;autores
PRP-47;PRP-38;requisito
PRP-47;PRP-11;autores
PRP-47;PRP-38;autores
PRP-47;PRP-38;autores
PRP-47;PRP-39;autores
PRP-47;PRP-39;autores
PRP-47;PRJ-32;autores
PRP-47;PRJ-73;autores
PRP-47;PRJ-75;autores
PRP-52;PRP-20;requisito
PRP-52;MPS-30;autores
PRP-52;MPS-30;autores
PRP-54;PRP-20;requisito
PRP-54;PRP-28;autores
PRP-54;PRP-28;autores
PRP-54;PRP-38;autores
PRP-54;PRP-38;autores
PRP-54;PRP-38;autores
PRP-54;PRP-40;autores
PRP-54;PRP-40;autores
PRP-54;PRP-40;autores
PRP-54;PRP-40;autores
PRP-54;PRP-40;autores
PRP-54;PRP-40;autores
PRP-54;PRP-40;autores
PRP-54;PRP-41;autores
PRP-56;PRP-20;requisito
EST-10;FIS-14;autores
EST-15;EST-10;requisito
EST-15;EST-24;autores
EST-15;EST-24;autores
EST-15;EST-31;autores
EST-15;EST-43;autores
EST-15;EST-65;autores
EST-15;EDI-31;autores
EST-15;EDI-31;autores
EST-15;EDI-32;autores
EST-24;EST-10;requisito
EST-24;EST-15;autores
EST-24;EST-15;autores
EST-24;EDI-31;autores
EST-24;EDI-31;autores
EST-25;EST-25;requisito
EST-25;EST-35;autores
EST-25;EST-43;autores
EST-31;EST-24;requisito
EST-31;EST-15;autores
EST-31;EST-43;autores
EST-31;EST-65;autores
EST-31;EDI-32;autores
EST-35;EST-15;requisito
EST-35;EST-25;autores
EST-35;EST-43;autores
EST-43;EST-15;autores
EST-43;EST-25;autores
EST-43;EST-31;autores
EST-43;EST-35;autores
EST-43;EST-65;autores
EST-43;EDI-32;autores
EST-65;EST-15;requisito
EST-65;EST-15;autores
EST-65;EST-31;autores
EST-65;EST-43;autores
EST-65;EDI-32;autores
PRJ-22;AED-34;autores
PRJ-22;AED-34;autores
PRJ-22;AED-37;autores
PRJ-22;PRJ-23;autores
PRJ-22;PRJ-29;autores
PRJ-22;PRJ-30;autores
PRJ-22;PRJ-44;autores
PRJ-23;PRJ-22;requisito
PRJ-23;AED-34;autores
PRJ-23;AED-37;autores
PRJ-23;AED-37;autores
PRJ-23;PRJ-22;autores
PRJ-23;PRJ-29;autores
PRJ-23;PRJ-29;autores
PRJ-23;PRJ-30;autores
PRJ-23;PRJ-30;autores
PRJ-23;PRJ-44;autores
PRJ-23;PRJ-55;autores
PRJ-29;AED-34;autores
PRJ-29;AED-37;autores
PRJ-29;AED-37;autores
PRJ-29;PRJ-22;autores
PRJ-29;PRJ-23;autores
PRJ-29;PRJ-23;autores
PRJ-29;PRJ-30;autores
PRJ-29;PRJ-30;autores
PRJ-29;PRJ-30;autores
PRJ-29;PRJ-30;autores
PRJ-29;PRJ-30;autores
PRJ-29;PRJ-44;autores
PRJ-29;PRJ-55;autores
PRJ-30;AED-34;autores
PRJ-30;AED-37;autores
PRJ-30;AED-37;autores
PRJ-30;PRJ-22;autores
PRJ-30;PRJ-23;autores
PRJ-30;PRJ-23;autores
PRJ-30;PRJ-29;autores
PRJ-30;PRJ-29;autores
PRJ-30;PRJ-29;autores
PRJ-30;PRJ-29;autores
PRJ-30;PRJ-29;autores
PRJ-30;PRJ-44;autores
PRJ-30;PRJ-55;autores
PRJ-32;PRP-11;autores
PRJ-32;PRP-38;autores
PRJ-32;PRP-39;autores
PRJ-32;PRP-47;autores
PRJ-44;AED-34;autores
PRJ-44;AED-37;autores
PRJ-44;PRJ-22;autores
PRJ-44;PRJ-23;autores
PRJ-44;PRJ-29;autores
PRJ-44;PRJ-30;autores
PRJ-55;PRJ-02;requisito
PRJ-55;AED-34;autores
PRJ-55;AED-37;autores
PRJ-55;PRJ-23;autores
PRJ-55;PRJ-29;autores
PRJ-55;PRJ-30;autores
PRJ-57;AED-22;requisito
PRJ-57;AED-01;autores
PRJ-57;AED-11;autores
PRJ-57;AED-25;autores
PRJ-57;AED-25;autores
PRJ-57;AED-27;autores
PRJ-57;MVO-31;autores
PRJ-60;EST-22;requisito
PRJ-73;PRJ-02;requisito
PRJ-73;PRP-38;autores
PRJ-73;PRP-39;autores
PRJ-73;PRP-47;autores
PRJ-73;PRJ-75;autores
PRJ-73;PRJ-75;autores
PRJ-73;ASP-06;autores
PRJ-73;ASP-04;autores
PRJ-75;PRJ-72;requisito
PRJ-75;PRP-38;autores
PRJ-75;PRP-39;autores
PRJ-75;PRP-47;autores
PRJ-75;PRJ-73;autores
PRJ-75;PRJ-73;autores
SIS-06;MOQ-13;requisito
ASE-10;EES-51;requisito
ASE-10;EES-60;autores
ASE-10;EES-60;autores
ASE-10;EES-60;autores
ASE-10;EES-60;autores
ASE-10;ELE-26;autores
ASE-10;EES-60;autores
ASE-10;EES-60;autores
ASE-10;EES-60;autores
ASP-06;PRJ-73;autores
ASP-06;ASP-04;autores
ASP-06;ASP-04;autores
ASP-04;PRJ-73;autores
ASP-04;ASP-06;autores
ASP-04;ASP-06;autores
EES-60;EES-20;requisito
EES-60;EES-49;requisito
EES-60;ASE-10;autores
EES-60;ASE-10;autores
EES-60;ASE-10;autores
EES-60;ASE-10;autores
EES-60;ELE-26;autores
EES-60;EES-60;autores
EES-60;EES-60;autores
EES-60;EES-60;autores
AER-30;AER-20;requisito
EEA-02;FIS-46;requisito
EEA-02;MAT-32;requisito
EEA-05;EEA-02;requisito
EEA-25;EEA-21;requisito
EEA-27;EEA-25;requisito
EEA-45;FIS-32;requisito
EEA-45;EEA-46;autores
EEA-45;EEA-46;autores
EEA-45;ELE-59;autores
EEA-45;ELE-59;autores
EEA-46;EEA-45;requisito
EEA-46;EEA-45;autores
EEA-46;EEA-45;autores
EEA-46;ELE-59;autores
EEA-46;ELE-59;autores
EEA-47;EEA-46;requisito
EEA-48;EEA-46;requisito
EEA-52;EEA-21;requisito
EEA-52;EEA-46;requisito
EEA-91;FIS-32;requisito
ELE-16;FIS-45;requisito
ELE-26;ELE-16;requisito
ELE-26;ASE-10;autores
ELE-26;EES-60;autores
ELE-26;EES-60;autores
ELE-27;ELE-16;requisito
ELE-59;EEA-45;requisito
ELE-59;EEA-45;autores
ELE-59;EEA-45;autores
ELE-59;EEA-46;autores
ELE-59;EEA-46;autores
EEM-09;EEM-08;requisito
EEM-09;EEM-10;autores
EEM-09;EEM-11;autores
EEM-09;EEM-12;autores
EEM-09;EEM-12;autores
EEM-09;EEM-12;autores
EEM-09;EEM-13;autores
EEM-09;EEM-13;autores
EEM-09;EEM-13;autores
EEM-09;EEM-14;autores
EEM-09;ELE-12;autores
EEM-09;ELE-12;autores
EEM-09;ELE-12;autores
EEM-10;EEM-07;requisito
EEM-10;EEM-09;autores
EEM-10;EEM-11;autores
EEM-10;EEM-12;autores
EEM-10;EEM-13;autores
EEM-10;EEM-14;autores
EEM-10;EEM-14;autores
EEM-10;EEM-14;autores
EEM-10;EEM-14;autores
EEM-10;ELE-12;autores
EEM-11;FIS-45;requisito
EEM-11;EEM-09;autores
EEM-11;EEM-10;autores
EEM-11;EEM-12;autores
EEM-11;EEM-14;autores
EEM-12;EEM-11;requisito
EEM-12;EEM-09;autores
EEM-12;EEM-09;autores
EEM-12;EEM-09;autores
EEM-12;EEM-10;autores
EEM-12;EEM-11;autores
EEM-12;EEM-13;autores
EEM-12;EEM-13;autores
EEM-12;EEM-13;autores
EEM-12;EEM-14;autores
EEM-12;ELE-12;autores
EEM-12;ELE-12;autores
EEM-12;ELE-12;autores
EEM-13;EEM-12;requisito
EEM-13;EEM-09;autores
EEM-13;EEM-09;autores
EEM-13;EEM-09;autores
EEM-13;EEM-10;autores
EEM-13;EEM-12;autores
EEM-13;EEM-12;autores
EEM-13;EEM-12;autores
EEM-13;EEM-14;autores
EEM-13;EEM-17;autores
EEM-13;EEM-17;autores
EEM-13;EEM-17;autores
EEM-13;ELE-12;autores
EEM-13;ELE-12;autores
EEM-13;ELE-12;autores
EEM-13;ELE-12;autores
EEM-13;ELE-12;autores
EEM-13;ELE-12;autores
EEM-13;ELE-12;autores
EEM-14;EEM-11;requisito
EEM-14;EEM-09;autores
EEM-14;EEM-10;autores
EEM-14;EEM-10;autores
EEM-14;EEM-10;autores
EEM-14;EEM-10;autores
EEM-14;EEM-11;autores
EEM-14;EEM-12;autores
EEM-14;EEM-13;autores
EEM-14;ELE-12;autores
EEM-17;EEM-13;requisito
EEM-17;EEM-13;autores
EEM-17;EEM-13;autores
EEM-17;EEM-13;autores
EEM-17;ELE-12;autores
EEM-17;ELE-12;autores
ELE-12;FIS-45;requisito
ELE-12;EEM-09;autores
ELE-12;EEM-09;autores
ELE-12;EEM-09;autores
ELE-12;EEM-10;autores
ELE-12;EEM-12;autores
ELE-12;EEM-12;autores
ELE-12;EEM-12;autores
ELE-12;EEM-13;autores
ELE-12;EEM-13;autores
ELE-12;EEM-13;autores
ELE-12;EEM-13;autores
ELE-12;EEM-13;autores
ELE-12;EEM-13;autores
ELE-12;EEM-13;autores
ELE-12;EEM-14;autores
ELE-12;EEM-17;autores
ELE-12;EEM-17;autores
EES-10;FIS-46;requisito
EES-10;MAT-32;requisito
EES-10;EES-20;autores
EES-10;EES-20;autores
EES-10;EES-25;autores
EES-10;EES-25;autores
EES-10;MPS-43;autores
EES-20;EES-10;requisito
EES-20;EES-10;autores
EES-20;EES-10;autores
EES-20;EES-25;autores
EES-20;EES-25;autores
EES-25;EES-20;requisito
EES-25;EES-10;autores
EES-25;EES-10;autores
EES-25;EES-20;autores
EES-25;EES-20;autores
EES-25;MOE-42;autores
EES-30;EES-10;requisito
EES-30;EES-35;autores
EES-30;EES-35;autores
EES-30;ELE-18;autores
EES-30;ELE-18;autores
EES-35;EES-30;requisito
EES-35;EES-30;autores
EES-35;EES-30;autores
EES-35;ELE-18;autores
EES-35;ELE-18;autores
EES-60;EES-20;requisito
EES-60;ASE-10;autores
EES-60;ASE-10;autores
EES-60;ASE-10;autores
EES-60;EES-60;autores
EES-60;EES-60;autores
EES-60;EES-60;autores
EES-60;ELE-26;autores
EES-90;EES-10;requisito
ELE-18;FIS-45;requisito
ELE-18;EES-30;autores
ELE-18;EES-30;autores
ELE-18;EES-35;autores
ELE-18;EES-35;autores
EET-01;MAT-32;requisito
EET-01;MAT-42;requisito
EET-01;MAT-46;requisito
EET-41;EES-10;requisito
EET-41;MOQ-13;requisito
EET-41;EET-01;requisito
EET-41;ELE-48;autores
EET-41;ELE-48;autores
EET-46;EET-40;requisito
EET-50;EET-01;requisito
EET-50;EET-41;requisito
EET-50;ELE-32;autores
EET-50;ELE-32;autores
EET-50;ELE-32;autores
EET-50;ELE-32;autores
EET-61;EET-41;requisito
EET-61;EET-50;requisito
EET-62;EET-41;requisito
EET-62;EET-50;requisito
ELE-32;MAT-42;requisito
ELE-32;MOQ-13;requisito
ELE-32;EET-50;autores
ELE-32;EET-50;autores
ELE-32;EET-50;autores
ELE-32;EET-50;autores
ELE-48;EET-41;autores
ELE-48;EET-41;autores
MOE-42;EES-25;autores
MOQ-13;MAT-12;requisito
MOQ-14;MOQ-13;requisito
MOQ-15;MOQ-13;requisito
MEB-01;MAT-32;requisito
MEB-01;MAT-36;requisito
MEB-01;MEB-13;autores
MEB-01;MEB-13;autores
MEB-01;MEB-13;autores
MEB-01;MEB-13;autores
MEB-01;HID-31;autores
MEB-13;MEB-01;requisito
MEB-13;MEB-01;autores
MEB-13;MEB-01;autores
MEB-13;MEB-01;autores
MEB-13;MEB-01;autores
MEB-13;HID-31;autores
MEB-14;MEB-01;requisito
MEB-25;MAT-41;requisito
MEB-25;MEB-26;autores
MEB-25;MEB-26;autores
MEB-25;MEB-26;autores
MEB-26;MAT-42;requisito
MEB-26;MEB-25;autores
MEB-26;MEB-25;autores
MEB-26;MEB-25;autores
MMT-01;MEB-13;requisito
MMT-02;MMT-01;requisito
MMT-05;MEB-01;requisito
MMT-06;MEB-12;requisito
MMT-06;MEB-25;requisito
MMT-06;MES-52;autores
MMT-06;MES-52;autores
MMT-07;MMT-01;requisito
MMT-07;MEB-13;requisito
MMT-07;MEB-25;requisito
MMT-07;PRP-11;autores
MMT-07;PRP-11;autores
MES-52;MEB-13;requisito
MES-52;MMT-06;autores
MES-52;MMT-06;autores
MPD-11;FIS-26;requisito
MPD-42;FIS-26;requisito
MPD-43;MPS-36;requisito
MPG-04;MPG-03;requisito
MPP-18;MPP-22;autores
MPP-18;MPP-22;autores
MPP-22;MPD-11;requisito
MPP-22;MPP-18;autores
MPP-22;MPP-18;autores
MPS-30;PRP-52;autores
MPS-30;MPS-30;autores
MPS-30;MPS-30;autores
MPS-30;MPS-30;autores
MPS-30;MPS-30;autores
MPS-30;MPS-30;autores
MTM-15;QUI-18;requisito
MTM-15;MTM-30;autores
MTM-15;MTM-35;autores
MTM-25;MTM-15;requisito
MTM-25;MTM-35;autores
MTM-30;QUI-18;requisito
MTM-30;MTM-15;requisito
MTM-30;MTM-15;autores
MTM-30;MTM-35;autores
MTM-32;MTM-25;requisito
MTM-35;QUI-18;requisito
MTM-35;MTM-15;autores
MTM-35;MTM-25;autores
MTM-35;MTM-30;autores
MTP-02;MPG-04;requisito
MTP-34;MTM-25;requisito
MTP-45;MTP-34;requisito
MTP-46;MTP-34;requisito
MTP-47;MTP-45;requisito
MPS-22;MAT-42;requisito
MPS-22;MPS-36;autores
MPS-30;PRP-52;autores
MPS-30;MPS-30;autores
MPS-30;MPS-30;autores
MPS-30;MPS-30;autores
MPS-30;MPS-30;autores
MPS-30;MPS-30;autores
MPS-36;MPS-22;requisito
MPS-36;MPS-22;autores
MPS-39;ELE-16;requisito
MPS-39;MPS-46;autores
MPS-43;MPS-36;requisito
MPS-43;MVO-20;autores
MPS-43;EES-10;autores
MPS-46;MPS-43;requisito
MPS-46;MPS-39;requisito
MPS-46;MPS-39;autores
EDI-31;EST-10;requisito
EDI-31;EST-15;autores
EDI-31;EST-15;autores
EDI-31;EST-24;autores
EDI-31;EST-24;autores
EDI-32;EDI-31;requisito
EDI-32;EST-15;autores
EDI-32;EST-31;autores
EDI-32;EST-43;autores
EDI-32;EST-65;autores
EDI-33;QUI-28;requisito
EDI-34;FIS-32;requisito
EDI-34;EDI-64;requisito
EDI-34;HID-43;autores
EDI-37;CCI-22;requisito
EDI-38;EDI-31;requisito
EDI-38;EDI-33;requisito
EDI-38;EDI-37;requisito
EDI-46;EDI-32;requisito
EDI-46;EDI-37;requisito
EDI-46;GEO-47;autores
EDI-48;EDI-33;requisito
EDI-49;EDI-38;requisito
EDI-64;MPG-02;requisito
EDI-65;EDI-46;requisito
EDI-65;EDI-49;requisito
GEO-36;GEO-31;requisito
GEO-36;GEO-45;autores
GEO-36;GEO-45;autores
GEO-45;GEO-36;requisito
GEO-45;GEO-36;autores
GEO-45;GEO-36;autores
GEO-47;EDI-46;autores
GEO-48;GEO-36;requisito
GEO-53;GEO-45;requisito
GEO-55;GEO-47;requisito
HID-31;MEB-01;requisito
HID-31;MEB-01;autores
HID-31;MEB-13;autores
HID-32;HID-31;requisito
HID-41;HID-32;requisito
HID-43;EDI-64;requisito
HID-43;HID-32;requisito
HID-43;EDI-34;autores
HID-44;HID-41;requisito
HID-53;HID-63;autores
HID-53;HID-63;autores
HID-53;HID-65;autores
HID-63;HID-53;autores
HID-63;HID-53;autores
HID-65;HID-53;autores
TRA-39;TRA-57;autores
TRA-46;TRA-39;requisito
TRA-53;MOQ-43;requisito
TRA-57;TRA-39;requisito
TRA-57;TRA-39;autores
TRA-64;TRA-39;requisito
CES-25;CES-10;requisito
CES-25;CES-35;autores
CES-25;CES-26;autores
CES-27;CES-11;requisito
CES-33;CES-11;requisito
CES-35;CES-25;autores
CCI-36;CES-11;requisito
CCI-37;CES-11;requisito
CCI-37;CCI-38;autores
CCI-37;CCI-38;autores
CCI-37;CCI-38;autores
CCI-37;CCI-38;autores
CCI-38;CES-11;requisito
CCI-38;CCI-37;autores
CCI-38;CCI-37;autores
CCI-38;CCI-37;autores
CCI-38;CCI-37;autores
CES-22;CES-10;requisito
CES-26;CES-22;requisito
CES-26;CES-25;autores
CES-28;CES-22;requisito
CES-29;CES-28;requisito
CES-30;CES-20;requisito
CES-38;CES-11;requisito
CES-46;HUM-70;autores
CES-65;CES-29;requisito
CES-11;CES-10;requisito
CES-23;CES-11;requisito
CES-41;CES-11;requisito
CCI-22;CES-10;requisito
CTC-11;CTC-17;autores
CTC-11;CTC-21;autores
CTC-11;CTC-21;autores
CTC-11;CTC-21;autores
CTC-17;CTC-11;requisito
CTC-17;CTC-11;autores
CTC-17;CTC-18;autores
CTC-17;CTC-18;autores
CTC-18;CTC-17;requisito
CTC-18;CTC-17;autores
CTC-18;CTC-17;autores
CTC-21;CTC-11;autores
CTC-21;CTC-11;autores
CTC-21;CTC-11;autores
CTC-34;CTC-20;requisito
CTC-42;CES-11;requisito
